,Cluster Word Count,Centroid Words,Sample Words,All Words
0,3,"['coup', ""coup_d'_etat"", ""coup_d'_état"", 'putsch', 'bloodless_coup', 'coups', 'abortive_coup', 'overthrow', 'Coup', 'coup_plotters', 'foiled_coup', ""coup_d'_Etat"", 'mutiny', 'staged_bloodless_coup', ""bloodless_coup_d'_état"", ""bloodless_coup_d'_etat"", 'overthrow_Equatorial_Guinea', 'leader_Maj._Daouda', 'd_etat', 'Allende_bodyguards', 'bloodless_putsch', 'accuses_RCTV', 'overthrew_democratically_elected', 'plotting_coup', 'President_Maaouiya_Ould', 'countercoup', 'Captain_Moussa_Camara', 'putschists', 'Greek_Cypriot_coup', ""Coup_D'"", ""Coup_d'_état"", 'bloodless_revolt', 'Gen._Kenan_Evren', 'junta', 'dictatorship', 'Robert_Guei', ""Maaouya_Ould_Sid'Ahmed_Taya"", ""coup_d'_etats"", 'coup_detat', 'Gen_Ne_Win', ""coup_d'_états"", 'overthrew_Allende', 'overthrew_Mobutu', 'legitimize_King_Gyanendra', 'oust_Obiang', ""coups_d'_état"", 'Gen._Robert_Guei', 'countercoups', 'insurrection', 'Oplan_Hackle', 'Boonyaratglin', 'revolt', 'golpistas', 'etat', 'putschist', 'destabilization_plots', 'uprising', 'incite_mutiny', 'overthrow_Obiang', ""President_Maaouya_Sid'Ahmed"", 'Lansana_Conté', 'Oakwood_Mutiny', 'overthrow_democratically_elected', 'commander_Frank_Bainimarama', 'Gen_Augusto_Pinochet', 'bloodless_revolution', 'Suchinda_Kraprayoon', 'Correia_Seabra', 'boardroom_coup', 'putsches', 'Conté', 'Sitiveni_Rabuka', 'coupists', 'Commander_Frank_Bainimarama', 'commander_Voreqe_Bainimarama', 'overthrew_Thaksin', 'General_Leopoldo_Galtieri', 'toppled_Ferdinand_Marcos', 'Ould_Taya', 'leader_Voreqe_Bainimarama', 'Maaouiya_Ould_Taya', 'Oakwood_mutiny', 'dictator', 'topple_Obiang', 'Mauritanian_junta', ""plotting_coup_d'"", 'Col._Adamou_Harouna', 'leader_Maximilien_Robespierre', 'Jamil_Mahuad', ""coup_d'"", 'Captain_Dadis_Camara', ""coup_d'_tat"", 'King_Gyanendra_seized', 'Fulgencio_Batista', 'Tupac_Amaru_guerrillas', 'Kumba_Yalla', 'Col_Ely_Ould', 'Prime_Minister_Mohammad_Mossadegh', 'Lt._Gen._Prosper_Avril', 'Suchinda']",['coup'],['coup']
1,5,"['entry', 'metastasis', 'breast', 'metastases', 'recurrent_ovarian', 'endometrial_cancers', 'malignancy', 'micrometastasis', 'axillary_lymph_nodes', 'micrometastases', 'invasive_carcinoma', 'tumor', 'breast_tumors', 'Entry', 'lymph_node_involvement', 'carcinoma', 'U_8G_##M', 'lobular_carcinoma', 'breast_carcinomas', 'precursor_lesions', 'distant_metastasis', 'Lymph_node', 'bone_metastasis', 'metastatic', 'ductal_lavage', 'tumors', 'IGF_1R', 'uterine_ovarian', 'advance', 'distant_metastases', 'endometrial', 'cervical_carcinoma', 'angiogenesis', 'sentinel_node', 'submucosa', 'nodal_dissection', 'gene_rearrangements', 'lymph_node', 'liver_metastasis', 'lymph_node_metastases', 'pancreatic_cancers', 'ovarian_carcinoma', 'per_Independent.ie_subscriber', 'nodal_metastasis', 'breast_cancers', 'pre_malignant_lesions', 'lymph_nodes', 'U_8B_##M', 'tumorigenesis', 'ductal', 'prostate_cancer_metastases', 'sentinel_nodes', 'HGPIN', 'oncogenic_transformation', 'tumor_recurrence', 'milk_ducts', 'excisional_biopsy', 'metastatic_lesions', 'vascularization', 'metastatic_disease', 'tumor_subtypes', 'TrackBack_URL', 'lymph_node_metastasis', 'breast_carcinoma', 'axillary_dissection', 'uterus_womb', 'T1c', 'adnexal_masses', 'neoadjuvant_therapy', 'MDSCs', 'CHI#L#', 'chromosomal_mutations', 'premalignant_cells', 'TAp##', 'malignant_transformation', 'breast_tissue', 'acinar', 'cervix_colon', 'gastric_cancer', 'mitotic', 'pre_cancerous_polyps', 'pelvic_lymphadenectomy', 'colorectal_cancers', 'B_lymphocyte', 'atypical_hyperplasia', 'leukaemic_stem_cells', 'malignant_growths', 'colorectal_gastric', 'lung_tumors', 'prostatic', 'HER2_ErbB2', 'atypia', 'caspase_activation', 'prostate_tumor', 'molecular_abnormalities', 'operable_breast_cancer', 'deCODE_BreastCancer', 'axillary_lymph_node', 'pancreatic_lung', 'malignant_prostate']","['metastasis', 'breast', 'entry', 'advance']","['metastasis', 'breast', 'entry', 'advance']"
2,29,"['trip', 'stopover', 'trips', 'excursion', 'jaunt', 'sojourn', 'trek', 'layover', 'visit', 'brief_stopover', 'journey', 'jaunts', 'stopovers', 'travel', 'flight', 'itinerary', 'pilgrimage', 'stopover_en_route', 'Trip', 'traveling', 'tour', 'treks', 'travels', 'sojourns', 'voyage', 'visits', 'excursions', 'daytrip', 'whirlwind_tour', 'roadtrip', 'journeys', 'sightseeing', 'traveled', 'unscheduled_stopover', 'whistlestop', 'vacation', 'refueling_stopover', 'daytrips', 'whistlestop_visit', 'visiting', 'roundtrip_ticket', 'junket', 'overnighter', 'vist', 'pilgrimmage', 'honeymoon', 'flights', 'hour_layover', 'overland_journey', 'belated_honeymoon', 'backpacking_trip', 'Traveling', 'roundtrip', 'sidetrip', 'overnighting', 'layovers', 'whistlestop_tour', 'journeyed', 'sightsee', 'journeying', 'onward_journey', 'Portsmouth_Cherbourg', 'layover_en_route', 'odyssey', 'airfare', 'roundtrip_voyages', 'pilgrimages', 'destination', 'Benin_Tanzania', 'depart', 'intinerary', 'arduous_journey', 'roundtrip_voyage', 'Qantas_flight_QF###', 'unscheduled_detour', 'mile_trek', 'Nonstop_flights', 'homeward_journey', 'detour', 'emplane', 'backpacking_trek', 'emplaning', 'Travelling', 'roadtrips', 'itineraries', 'transoceanic_flight', 'flew', 'brief_sojourn', 'vacationing', 'vaction', 'circuitous_journey', 'maiden_voyage', 'vacations', 'deluxe_motorcoach', 'newlyweds_honeymooned', 'roundtrip_fare', 'enroute', 'riverboat_cruise', 'mile_roundtrip', 'roundtrip_airfare']","['flight', 'tour', 'travel', 'trip', 'pilgrimage']","['pilgrimage', 'tour', 'stopover', 'travel', 'flight', 'trip', 'visit']"
3,16,"['word', 'phrase', 'words', 'language', 'verb', 'verb_tenses', 'split_infinitive', 'colloquialism', 'verb_noun', 'grammar_syntax', 'cuss_word', 'idiomatic_expressions', 'possessive_pronoun', 'alliterative_phrase', 'polysyllabic_words', 'vocabulary', 'reference', 'phrases', 'phonetic_spellings', 'Tele_prompter', 'comma_splice', 'colloquial_phrase', 'adjectives_adverbs', 'adjective', 'dictionary', 'antidisestablishmentarianism', 'punctuation_grammar', 'astrology_#/##/##', 'leetspeak', 'verbage', 'possessives', 'utterance', 'plural_pronoun', 'verb_tense', 'mere_utterance', 'denotative', 'noun', 'grammatical', 'shorthand', 'pronounciation', 'phraseology', 'phonetic_pronunciations', 'verbiage', 'neologism', 'transitive_verb', 'swearword', 'plural_nouns', 'past_participle', 'grammatical_constructions', 'plurals', 'plural_noun', 'auxiliary_verbs', 'prepositional_phrases', 'plural_pronouns', 'langauge', 'syllable', 'plural_possessive', 'initialisms', 'Scrabble_dictionary', 'adjective_noun', 'verb_endings', 'spelling', 'onomatopoetic', 'difficulty_pronouncing', 'grammatically_incorrect', 'pronoun', 'phonetic_pronunciation', 'vocab', 'verbs_nouns', 'declarative_sentence', 'etymologies', 'barnyard_epithet', 'dialectal', 'phrasal_verbs', 'conjugate_verbs', 'grammatically_correct_sentences', 'schwa', 'ungrammatical', 'noun_adjective', 'gerund', 'descriptor', 'nouns', 'prepositional', 'txt_spk', 'dangling_participle', 'participle', 'textspeak', 'grammatically_correct', 'punctuation_spelling', 'punctuation', 'Mayor_Cirilo_Pena', 'routinely_misspell', 'singular_verb', 'Etymologically', 'Hopefully_Jesse_Leicht', 'make_sailor_blush', 'descriptive_adjectives', 'nonliteral', 'verb_conjugation', 'plural_verb']","['word', 'reference', 'lyric', 'scribble', 'grammar']","['lyric', 'reference', 'grammar', 'message', 'word', 'language', 'scribble']"
4,180,"['By_Jonas_Elmerraji', '%_#F########_7v.jsn', '%_#F########_3v.jsn', '%_#F########_9v.jsn', 'BY_ANDY_THOMPSON', 'By_Laurelle_Gilbert', 'By_Kat_Zeman', 'By_Elise_Viebeck', 'UDBKL', 'By_Tejas_Gunas', 'SFIO_Quote_Chart', 'SECOND_SPOT_DISPATCHES_FROM', 'Chiclone_buffets_Illinois', 'BY_IRENICUS_THE', 'BY_KIMBERLY_NICOLETTI', 'IWEBE', 'Nanette_Maxim', 'By_Christine_Fenno', 'BY_CHERYL_LAVIN_cheryllavin@aol.com', 'screwball_ruse', 'WHO_SAYS_TRAVELING', 'By_Joseph_Woelfel', 'Pacgen_Reports', 'By_Tatyana_Shumsky', 'By_LEON_HALE', ""FAN_'S_ATTIC"", 'Ben_Hur_proportions', 'BY_JESUS_DIAZ', 'Components_www.danaher.com', ""MARILYN_ALVA_INVESTOR_'S"", 'CDMHY', 'By_TV_HAGENAH', 'MUST_BE_LEGAL_RESIDENT', 'By_Miriam_Reimer', 'SCOTT_BAIR_Staff_Writer', 'Halozyme_Therapeutics_Reports', 'OKE_appears', 'EAGLE_COLO', 'KF_OOE', 'HYEOF', 'DIRECTORS_OF_CAPITAL_CORP.', 'Redback_Registration_Statement', 'By_TED_HARBIN', 'dol##.net_index###.html_http_dol##.net', 'BY_LEROY_SIGMAN', 'symbol_UBSH', 'RON_HORNADAY_NO', 'EASY_STREET_CAFE', 'silly_Billen', 'By_Bill_Esbrook', 'By_TREVON_MILLIARD', 'NetEase.com_Reports', 'BY_JEFF_KARN', 'http_dol##.net_index####.html_http', 'SADIF_Analytics_Assigns', 'MookieTheCat', 'index###.html_http_dol##.net_index###.html', 'Kiki_Von_Glinow', 'By_Laurie_Kulikowski', 'XEC_appears', 'Alaskan_Prospectors_Society', 'BY_VINCENT_MAO', 'By_Monica_Gutschi', '%_#F########_2v.jsn', 'By_CITIZEN_STAFF', 'ViroPharma_Incorporated_Reports', 'By_Joseph_Weisenthal', 'Brainiac_Learn_something', 'Andy_Partridge_XTC', 'BXP_appears', 'By_JANIS_CARR', ""JW_'S_SALOON"", 'Engineering_Mentoring_PAESMEM', 'Dave_Chapelle_skit', 'By_SELENA_ROBERTS', 'LRY_appears', '%_#F########_5v.jsn', 'UVV_appears', 'viral_McSween', 'BY_TONY_BRUSCATO', 'By_HARVEY_SIMPSON', 'symbol_SBFC', 'QBE_RSA_UNIQA_Vienna', 'Michel_Berthelot_CA', 'By_RODNEY_WILLIAMS', 'Fyne_Times', 'PSKXF', '%_#F########_6v.jsn', 'Buenos_Ave', 'By_Tina_Alvey', '###-####_emoran@investorrelationsgroup.com', 'By_STEPHEN_WILLIS', 'DAVE_DOWNEY_Staff_Writer', 'JOHN_GALLAGHER_•', 'OR_HER_AGENT', '%_#F########_1v.jsn', 'Freddie_Mac_#-month/#-month/##-month_Oct', 'By_MARTIN_DEMPSTER', 'J._CORDES', 'intelligent_lifebuoy']","['experience', 'war', 'leaf', 'comparison', 'brick']","['glowstick', 'cream', 'border', 'collection', 'mold', 'demand', 'video', 'cutting', 'exception', 'transport', 'headline', 'regulation', 'item', 'stable', 'comparison', 'cactus', 'people', 'country', 'war', 'material', 'annotation', 'mop', 'norm', 'cloth', 'separation', 'horseshoe', 'politics', 'brack', 'spot', 'version', 'host', 'claim', 'house', 'pause', 'constellation', 'pace', 'pattern', 'cup', 'poster', 'figure', 'grade', 'revolution', 'bounce', 'content', 'shoe', 'stand', 'bet', 'situation', 'boat', 'cover', 'band', 'town', 'observation', 'note', 'chain', 'arrival', 'catch', 'commercial', 'role', 'living', 'packet', 'interior', 'tank', 'day', 'matter', 'road', 'wai', 'position', 'ocean', 'team', 'rock', 'leaf', 'charge', 'game', 'start', 'evidence', 'lighting', 'choice', 'substance', 'completion', 'light', 'strike', 'crew', 'meaning', 'division', 'gift', 'sample', 'nightlife', 'repair', 'fringe', 'tourism', 'contact', 'grab', 'populace', 'hair', 'condition', 'furnace', 'experience', 'finding', 'majority', 'connection', 'access', 'flooding', 'record', 'glance', 'repellent', 'type', 'ride', 'scent', 'innovation', 'list', 'picture', 'life', 'support', 'meeting', 'west', 'stay', 'music', 'toy', 'bulk', 'journal', 'mention', 'wallpaper', 'image', 'peace', 'writing', 'drill', 'total', 'horse', 'provocation', 'wave', 'nation', 'check', 'password', 'alternative', 'pin', 'box', 'audience', 'tunnel', 'forum', 'time', 'default', 'drive', 'presentation', 'jam', 'shadow', 'brick']"
5,12,"['noise', 'ambient_noise', 'Noise', 'noises', 'loud_noise', 'sound', 'loudness', 'decible', 'noisy', 'loud_noises', 'ambient_noises', 'vibrations', 'beeping_noise', '###db', 'vibration', 'loud', 'loud_hissing', 'decibel_levels', 'decibel_noise', 'screeching_noises', '##db', 'decibels', 'screeching_noise', 'deafening_noise', 'noice', 'ear_shattering', 'decibel', 'thrum', 'clanking_noises', 'whirring_noise', 'decibel_level', 'decibles', 'obnoxiously_loud', 'audibility', 'hum', 'reverberation', 'dull_roar', 'din', 'beeping_noises', 'deafening', 'acoustical', 'screeching_brakes', 'rattling_noises', 'barking_dogs', 'faint_hum', 'decibels_dB', 'loud_rumbling', 'cacaphony', 'muffled', 'ear_splitting', 'loud_stereos', 'dBs', 'rumble', 'revving_engines', 'cacophony', 'crackling_noise', 'excessively_noisy', 'sounds', 'analyzer_RF_FastSPICE', 'hiss', 'wooshing', 'banging_noises', 'noise_attenuation', 'dBA', 'Wear_earplugs', 'speech_intelligibility', 'decibel_dB', 'harmonic_distortion', 'perceived_loudness', 'whooshing_sound', 'thunder_clap', 'incessant_beeping', 'whoosh_whoosh', 'hissing_noises', 'canceling_microphone', 'noise_vibration', 'sibilance', 'decibel_readings', 'loud_screeching', 'whooshing_sounds', 'roosters_crowing', '0dB', 'tape_hiss', 'boomy', 'unmuffled', 'airhorns', 'SilentSeek', 'noisey', 'roar', 'eardrum_pounding', 'NoiseGuard', 'clunking_noise', 'noise_abatement', 'muffles', 'noisier', 'rumbling_noises', 'screeching_tires', 'gentle_hum', 'thump_thump_thump', 'strange_noises']","['noise', 'sound']","['noise', 'sound']"
6,25,"['sense', 'impression', 'humor_Jena_Elayan', 'feel', 'think', 'feeling', 'deceiving_Hondurans', 'painful_Salcer', 'tad_melodramatic', 'something', 'sounds_trite', 'safe_Arlene_Deche', 'guess', 'perception', 'screwball_ruse', 'thing', 'suppose', 'expletive_cyst', 'really', 'Idealistically', 'Terns_nest', 'lot', 'certainly', 'right_direction_Brockey', 'stunner_Afleet_Alex', 'sort', 'obviously', 'kind', 'Johnnie_Baston_die', 'idea', 'gratuitously_embarrassed', 'breeds_cynicism', 'Immediate_gratification', 'Ben_Hur_proportions', 'sence', 'Dr._Valerie_Voon', 'A.It_s', 'GREG_POTTER_Yes', 'comfortableness', 'standoff_Stacho', 'declaration_Galanti', 'groundedness', ""I'ma_pessimist"", 'gut_feeling', 'laugh_Taffaro', 'understandable', 'quite_frankly', 'safe_Deche', 'ŒŒIt', 'illusion', 'embed_Lapan', 'wonder', 'pioneer_LaLanne', ""C'est_Vrai_means"", 'Ireally', 'sounds_hokey', 'actually', 'notion', 'celebrating_Zahler', 'Milli_Vanilli_Orlowski', 'Brenda_Talkington', '&_quotThat', 'neighbor_Phoebe_Hoaster', 'bit', 'sensibility', 'unsureness', 'sure', 'shocked_Leskoven', 'JAMES_BLAKE_Yeah', 'Bi_partisanship', 'yes_sir_Mendell', 'unspoken_assumption', 'Gadaon', 'Norv_Fouts', 'destruction_Billiot', 'Illinois_Sweer', 'Scum_Alert', 'Self_deprecation', 'VAN_SUSTEREN_Well', 'TRUMP_Well', 'abstractness', 'Sophia_Nakano', 'TOOBIN_Well', 'definitely', 'youngness', 'Sounds_TOO', 'timidness', 'belief', ""O'REILLY_OK"", 'DEPUTY_SECRETARY_LEW', 'PALIN_Well', 'misspell_Murkowski', ""everything'sa"", ""I'ma_stickler"", 'instinct', ""Today'sa"", 'JEFF_GORDON_Yeah', 'selfconfidence', 'TOM_OLIPHANT', 'Wishful_thinking']","['sense', 'assumption', 'haste', 'representation', 'sacrifice']","['concern', 'assumption', 'impression', 'lot', 'representation', 'bit', 'haste', 'guess', 'sacrifice', 'sense']"
7,25,"['change', 'changes', 'changing', 'adjustment', 'alter', 'changed', 'shift', 'revision', 'Changing', 'Changes', 'adjustments', 'alterations', 'readjustments', 'adjust', 'Change', 'seismic_shift', 'readjustment', 'tweak', 'altering', 'paradigm_shift', 'reversal', 'revisions', 'reevaluation', 'drastically_alter', 'alteration', 'modification', 'reorientation', 'altered', 'modifications', 'rethink', 'tweaks', 'modify', 'improvement', 'alters', 'reshaping', 'recalibration', 'transformation', 'readjust', 'rearrangement', 'overhauls', 'tweaking', 'shakeup', 'internal_circadian_clocks', 'realignment', 'reshuffling', 're_evalute', 'redefinition', 'switch', 'revamp', 'transformations', 'rethinking', 'reassessment', 'drastically_altered', 'improvements', 'radically_alter', 'difference', 'deviation', 'tectonic_shift', 'overhaul', 'transition', 'move', 'reshape', 'recalibrate', 'turnaround', 'attitudinal_shift', 'fundamental_reordering', 'adjusting', 'shifting', 'mindshift', 'shifts', 'reversion', 'reordering', 'revaluate', 'perceptible_shift', 'Tweaking', 'departure', 'reassess', 'radically_altered', 'reduction', 'minor_tweaks', 'reconfiguration', 'tinker', 'fluctuation', 'chan_ges', 'Experiment_Maushart', 'Expansionary_fiscal', 'rehaul', 'decrease', 'transitions', 'variation', 'refinements', 'Altering', 'Note_Movie_showtimes', 'Miscellaneous_Fares', 'rebalancing', 'realign', 'deviate', 'rejigging', 'increase', 'reverse']","['alteration', 'revision', 'change', 'transition', 'adjustment']","['alteration', 'transition', 'adjustment', 'revision', 'modification', 'change']"
8,20,"['decision', 'recommendation', 'decison', 'announcement', 'request', 'proposal', 'decsion', 'decisions', 'pronouncement', 'recommendations', 'Decision', 'thedecision', 'ruling', 'suggestion', 'deicision', 'announcment', 'deci_sion', 'annoucement', 'objection', 'statement', 'assertion', 'determinations', 'desicion', 'descision', 'directive', 'refusal', 'proposals', 'conclusion', 'declaration', 'determination', 'verdict', 'findings', 'appointment', 'nouncement', 'judgment', 'decission', 'unrushed_methodical_manner', 'move', 'stance', 'Zarella_nomination', 'unanimous_Jagland', 'staement', 'withdrawal_Genson_insinuated', 'reccomendation', 'ALJ_Initial_Determination', 'counsel_Art_Vertlieb', 'plan', 'opinion', 'accusation', 'reasoning', 'recomendations', 'remark', 'spokeswoman_Liana_Shlyaposhnikova', 'affirmative_determinations', 'counteroffer', 'rulings', 'agreement', 'Councillors_voted_unanimously', 'Swiss_association_ProBasket', 'rejection', 'appeal', 'assessment', 'assertions', 'National_Coverage_Determination', 'Baskins_resignation', 'Decisions', 'procedurally_flawed', 'comments', 'spokesperson_Marumo_Moerane', 'allegation', 'submission', 'remarks', 'reconsideration', 'arguments', 'Maynard_recused_himself', 'objections', 'spokeswoman_Andrea_Wuebker', 'de_cision', 'dioxin_reassessment', 'conclusions', 'insistence', 'appointement', 'conciliatory_noises', 'factual_determinations', 'plans', 'nondecision', 'Lamberth_injunction', 'DeWyze_raspy_tone', 'Spokesman_Brian_Roehrkasse', 'unanimously', 'en_masse_resignations', 'deciding', 'resignation', 'conclave_implying', 'An_Bórd_Pleanála', 'offer_Gov._Yuhei', 'counterproposal', 'Justice_Davendra_Pathik', 'decided', 'argument']","['conclusion', 'announcement', 'request', 'decision', 'submission']","['decision', 'submission', 'proposal', 'recommendation', 'determination', 'announcement', 'assessment', 'conclusion', 'request', 'objection']"
9,3,"['statue', 'bronze_statue', 'sculpture', 'statues', 'bronze_sculpture', 'monument', 'sculptures', 'bronze_bust', 'marble_statue', 'bronze_likeness', 'mural', 'bronze_statues', 'figurine', 'tall_bronze_statue', 'sized_bronze_statue', 'sculptor', 'statue_depicting', 'lifesize_statue', 'fiberglass_statue', 'marble_sculpture', 'bronze_sculptures', 'bas_relief_sculpture', 'equestrian_statue', 'obelisk', 'bas_relief', 'sculpture_depicting', 'granite_monument', 'granite_pedestal', 'monument_honoring', 'bronze_plaque', 'granite_obelisk', 'bronze_statuette', 'headless_statue', 'mosaic_mural', 'Statue', 'replica', 'scuplture', 'Buddha_Statue', 'Statues', 'bronze_busts', 'memorial_plaque', 'maquette', 'gravestone', 'granite_plinth', 'tile_mural', 'Buddha_statue', 'doughboy_statue', 'stained_glass_window', 'Sculptures', 'tombstone', 'stone_plinth', 'Mural', 'tall_granite_monument', 'bronze_plaques', 'tall_granite_obelisk', 'murals', 'plaque_honoring', 'Nativity_scene', 'Sculpture', 'lifesize', 'Omri_Amrany', 'Gianlorenzo_Bernini', 'wax_statue', 'mural_depicting', 'Erik_Blome', 'granite_stone', 'Edvard_Eriksen', 'fountain', 'lion_statues', 'monument_erected', 'marble_sculptures', 'Entemena', 'statuary', 'marble_plinth', 'granite_headstone', 'granite_slab', 'tomb', 'erect_statue', 'granite_marker', 'mural_painted', 'Sharon_BuMann', 'museum', 'marble_obelisk', 'Etruscan_terra_cotta', 'likeness', 'Rodin_sculpture', 'bronze_statue_depicting', 'nativity_scene', 'Bronze_plaques', 'mermaid_statue', 'kouros', 'stupa', 'Sculptor', 'marble_edifice', 'bronzed_statue', 'carvings', 'Hanuman_idol', 'memorial', 'winged_lion', 'Nativity_Scene']","['statue', 'sculpture']","['statue', 'sculpture']"
10,13,"['friend', 'mother', 'daughter', 'grandmother', 'aunt', 'boyfriend', 'girl', 'niece', 'girlfriend', 'dad', 'father', 'mom', 'son', 'boy', 'fiancé', 'love', 'fiancée', 'husband', 'fianc_e', 'cousin', 'granddaughter', 'uncle', 'stepfather', 'fiance', 'friends', 'pal', 'grandma', 'DEAR_MISS_LONELYHEARTS', 'stepdaughter', 'lover', 'fiancee', 'wife', 'woman', 'Dear_Harriette_My', 'bestfriend', 'nicest_nicest', 'teenager', 'kid', 'loved', 'neice', 'daddy', 'fiancŽ', 'sister', 'nephew', 'mama', 'PERSONAL_HERO_My', 'auntie', 'brother', 'DEAR_VAL', 'stepmother', 'DEAR_CAT', 'unconditional_Cam_Newton', 'fiancÈe', 'stepdad', 'DEAR_RHONA', 'acquaintance', 'DEAR_ELLIE_My', 'girlfiend', 'ex_boyfriend', 'dear_friend', '●_DEAR_ABBY', 'buddy', 'babysitter', 'momma_boy', 'Dear_Ann_Landers', 'roommate', 'Aunt_Lottie', 'firend', 'daughters', 'Dear_Miss_Lonelyhearts', 'godsister', 'teenage_girl', 'goddaughter', 'motherly_instinct', 'LITTLE_ROCK_DEAR_CAROLYN', 'DEAR_HARRIETTE', 'Dad', 'grandchild', 'HI_CAROLYN', 'ex_girlfriend', 'fianc', 'momma', 'Dear_Harriette', 'stepson', ""My_mom'sa"", 'DEAR_FAMILY', 'lifemate', 'Virginia_Ironside_Dilemmas', 'nextdoor_neighbors', 'maternal_grandmother', 'tells_UsWeekly.com', 'DEAR_ROBIN', 'nicest_sweetest', 'grandmom', 'snuggler', 'Dear_Advice_Goddess', 'SeekingAffluent.com', 'grandson', 'Alyrio', 'childhood_playmate']","['child', 'love', 'mother', 'girl', 'friend']","['woman', 'mother', 'love', 'friend', 'kid', 'child', 'girl']"
11,4,"['comment', 'com_ment', 'BY_CARLA_HINTON_Leave', 'BY_SONYA_COLBERG_Leave', 'BY_BRANDY_McDONNELL_Leave', 'BY_DARLA_SLIPKE_Leave', 'BY_DIANA_BALDWIN_Leave', 'BY_TRICIA_PEMBERTON_Leave', 'Only_registred_users', 'BY_CARRIE_COPPERNOLL_Leave', 'BY_MEGAN_ROLLAND_Leave', 'zdrx#####_Thanks', 'Visit_www.jdnews.com', 'Become_Gather_member', 'comments', 'commenting', 'Spokeswoman_Lori_Fligge', 'comment.The', 'e_mail_editorNTL@gannetthg.com', 'Patridge_publicist', 'lawyer_Andrew_Lankler', 'story_visit_www.SammamishReview.com', 'www.limaohio.com', 'Rick_Weltz', 'Matthew_Labov', 'spokesman_Steve_Tragash', 'story_sportsfeedback@thomsonreuters.com', 'Jenni_Carlson_Leave', 'Eikenberry_memos', 'spokeswoman_Deborah_Hellinger', 'director_Katherine_Bihr', 'Baron_Cohen_publicist', 'Colanduono_lawyer', 'commment', 'penneu@goldcountrymedia.com', 'James_Froccaro', 'Journal_Jenifer_Gee', 'Corfini_Strata', 'spokesman_Roger_Kerson', 'spokeswoman_Christine_Moroski', 'attorney_Myrlene_Marsa', 'Schwarzenegger_Daniel_Ketchell', 'F._MARKS_Leave', 'Mauffrey_reached', 'www.pressbanner.com', 'Lutui_smiling', 'assistant_Carrie_Kizer', 'e_mail_travel@sfchronicle.com', 'Confirmed_myNR_members', 'Berry_Tramel_Leave', 'auburnjournal.com', 'spokesman_Jeff_Leebaw', 'confirm', 'Darnell_Mayberry_Leave', 'spokesman_Owen_Blicksilver', 'hearing_Jonas_Bednarek', 'Yusill_Scribner_spokeswoman', 'Fritzo_declined', 'Jay_Reisinger_Guillen', 'Thomas_Zugibe_declined', 'Neither_Romero_Chinchay', 'PostOpinion_column', 'Brandon_Chatmon_Leave', 'Contacted', 'Journal_Penne_Usher', 'editor@thetrucker.com', 'Sacharow_declined', 'nor_Canlla', 'spokesman_Michael_Hanretta', 'uptownmag.com', 'Spokeswoman_Heather_Orth', 'System_GITEWS', 'Randall_Samborn_declined', 'www.VictoriaAdvocate.com', 'spokeswoman_Kristin_Huguet', 'visit_www.SammamishReview.com', '#####_q_uote', 'Etheredge_denials', 'Nester_declined', 'newsblog.info/####', 'Baden_Baden_villa', 'Palin_publisher_HarperCollins', 'e_mail_editors@workforce.com', 'spokesman_Doug_McMarlin', 'spokeswoman_Jennifer_Bowcock', 'Comment_Guidelines', 'Scurtis_repeatedly_declined', 'Michael_Hanretta_declined', 'www.newszapforums.com/forum##', 'Spokespeople', 'district_Neal_Ramee', 'speculate', 'dlcox@thetrucker.com', 'representing_Dawnell_Batista', 'Dhou_declined', 'assistant_Debbie_Bosanek', 'attorney_Joan_Politeo', 'Justin_Perras', 'Michael_Popkins', 'spokesman_Steven_Tragash']",['comment'],['comment']
12,3,"['cat', 'pet', 'cats', 'bird', 'dog', 'puppy', 'pets', 'feline', 'animal', 'kitten', 'pup', 'beagle', 'felines', 'squirrel', 'animals', 'pooch', 'dogs', 'cockatiel', 'rabbit', 'stray_cat', 'critter', 'kitties', 'puppies', 'birds', 'feral_cat', 'parrot', 'chihuahua', 'raccoon', 'Sheltie', 'wolfdogs', 'moggies', 'owl', 'kittens', 'Pet', 'fox', 'Maine_coon_cat', 'reptile', 'housecat', 'Siamese_cat', 'coyote', 'yorkie', 'feral_kitten', 'dachshund', 'beagle_puppy', 'basset_hound', 'sheltie', 'orange_tabby_cat', 'Shitzu', 'otter', 'miniature_dachshund', 'venomous_reptile', 'calico_cat', 'Cockatiel', 'rodent', 'Basset_Hound', 'kitty_cat', 'Pomeranian_puppies', 'litterbox_trained', 'pigeon', 'hairless_cat', 'Lhasa_Apso', 'moggy', 'feathered_friends', 'pug', 'pit_bull', 'tom_cat', 'golden_retriever', 'coyote_pups', 'dalmatian', 'moggie', 'Siberian_lynx', 'border_collie', 'Labrador_retriever', 'tabby', 'critters', 'Pomeranian', 'rabbits', 'teacup_Yorkie', 'feline_companion', 'tabbies', 'poodle_mix', 'Yorkshire_terrier', 'Cairn_Terrier', 'bichon_frises', 'pet_parakeet', 'gold_macaw', 'macaw', 'falcon', 'Patagonian_cavy', 'Boston_Terrier', 'parakeets', 'Rottie', 'squirrels', 'Chihuahua_puppy', 'budgie', 'furry_creature', 'Boa_constrictor', 'fowl', 'Adoptable_dogs', 'Lhasa_apso_mix']","['pet', 'cat', 'bird']","['pet', 'cat', 'bird']"
13,19,"['effort', 'attempt', 'efforts', 'endeavor', 'initiative', 'concerted_effort', 'attempts', 'ef_fort', 'gambit', 'eff_ort', 'plan', 'proposal', 'ploy', 'eff_orts', 'try', 'attempting', 'Efforts', 'attempted', 'abortive_attempt', 'aim', 'trying', 'approach', 'tactic', 'overture', 'quest', 'Attempt', 'effortsto', 'iniative', 'bid', 'ef_forts', 'way', 'effors', 'Herculean_effort', 'experiment', 'strategy', 'Plame_contends', 'move', 'eagerness', 'herculean_effort', 'process', 'Attempting', 'tried', 'initative', 'Effort', 'crusade', 'activate_shutoff_mechanism', 'Concerted_efforts', 'efffort', 'intiative', 'operation', 'step', 'rangers_bloodhounds', 'program', 'goal', 'undertaking', 'Brig_Khawar_Baig', 'Trying', 'commitment', 'atempt', 'mission', 'swifter_glossier', 'herculean_efforts', 'stratagem', 'vow', 'valiant_effort', 'diabetes_Danesh', 'suggestion', 'intitiative', 'Northeast_Corridor_gem', 'concerted', 'tireless_efforts', 'ruse', 'local_teen_determ', 'desire', 'initiatives', 'Tom_Bethke_geologist', 'exemplifies_SYSPRO_ongoing', 'quixotic_quest', 'Attempts', 'messianic_mantle', 'attemp', 'gesture', 'idea', 'intraparty_disputes', 'Operation_Moshtarak_Dari', 'steps', 'This_exemplifies_SYSPRO', 'Teen_Sells_Bracelets', 'striven_mightily', 'attemps', 'grapnel_hook', 'striving', 'push', 'Banning_earmarks', 'campaign', 'XenoPort_dependence', 'endeavoring', 'opportunity', 'Tsonga_groundstrokes', 'Tsyplyayeva']","['project', 'process', 'amendment', 'plan', 'effort']","['effort', 'experiment', 'overture', 'amendment', 'plan', 'commitment', 'step', 'attempt', 'project', 'process', 'technique']"
14,2,"['warranty', 'warranties', 'warrantee', 'Warranty', 'lifetime_warranty', 'Limited_Warranty', 'extended_warranties', 'warrantees', 'warrenty', 'five-year/###_,###_mile', 'Lifetime_Warranty', 'powertrain_warranty', 'Warranties', 'Extended_Warranty', 'limited_powertrain_warranty', 'corrosion_perforation', 'powertrain_warranties', 'three-year/###', '##-year/###', 'warrantied', 'eight-year/###_,###_mile', 'years/###', 'AppleCare_Protection_Plan', '#-year/###_,###_mile', 'three-year/##_,###_mile', 'five-year/###', 'Extended_warranties', ',###_mile', 'year/###', 'anti_perforation_warranty', 'four-year/##_,###_mile', 'mile_powertrain_warranty', '#-year/##', 'Limited_Lifetime_Warranty', 'five-year/##', 'AppleCare_warranty', '#-year/###', 'AppleCare', '##-year/###_,###_mile', 'Milliamp_LTD', 'lifetime_powertrain_warranty', '#-year/##_,###_mile', 'Epson_PowerLite_projectors', 'three-year/##', 'Roadside_Assistance', 'website_ipodjuice.com', 'Antec_Quality', '##-month/##_,###_mile', 'five-year/##_,###_mile', 'Bellawood', 'Powertrain_Warranty', 'Applecare', 'repairers', 'four-year/##', 'three-year/###_###km_warranty', 'Hardware_Warranty', '##-month/##', 'deductible_powertrain', 'G5_HHR', 'iResQ', 'warranteed', 'TPL_###E', 'IQV', 'warrantable', 'Kingston_HyperX_memory', 'Partstrain', 'Total_Satisfaction_Guarantee', 'powertrain_warranty_#-year/##_,###', 'Cobalt_Pursuit', 'latent_defects', 'paintless_dent_removal', '§_##e_Para', 'Lifetime_Powertrain_Warranty', 'AC_Adapters', 'LIFEBOOK_T####', 'lifetime_warrantee', 'Carfax_Buyback_Guarantee', 'ipodjuice.com', 'months/##', 'EasyGuard', 'Magnuson_Moss', 'cambelt', 'Accidental_Damage_Protection', 'FastMac', 'remanufactured_ink_cartridges', 'Corsair_TX###W', 'Stainsafe', 'Certified_Pre_Owned', 'iMac_G5s', 'RTB_warranty', 'remanufactured', 'Tecra_A8', 'Gateway_LT##_netbook', 'Guarantee', 'Carefree_Maintenance_Program', 'unibody_MacBooks', 'WITH_FAULT', 'defects_restorations', 'nx####', 'AutoSpectator.com']",['warranty'],['warranty']
15,7,"['vodka', 'bottle', 'brandy', 'liqueur', 'vodkas', 'whiskey', 'tequila', 'Vodka', 'vodka_gin', 'beer', 'vodka_whiskey', '##cl_bottle', 'wine', 'bottles', 'vodka_rum', 'vodka_gin_rum', 'triple_sec', 'Hendrick_gin', 'beers', 'Bombay_Sapphire_Gin', 'flavored_vodka', 'martini', 'apricot_brandy', 'whiskey_brandy', 'sparkling_wine', 'Grey_Goose_martini', 'lager', 'drink', 'cognac', 'snifters', 'peach_schnapps', 'cocktails', 'brandy_cognac', 'Dewar_scotch', 'rum_tequila', 'bourbon', ""Piat_d'_Or"", 'drinks', 'Smirnoff_Vodka', 'Jameson_whiskey', 'Skyy_vodka', 'Laurent_Perrier_champagne', 'anise_flavored_liqueur', 'favorite_tipple', 'Bombay_Sapphire_gin', 'Belvedere_vodka', 'raspberry_vodka', 'vodka_tequila', 'Bacardi_rum', 'Stoli_Vanilla', 'Spanish_cava', 'Dom_Perignon_Champagne', 'peppermint_schnapps', 'cocktail', 'milliliter_bottle', 'gin_rum', 'agave_tequilas', 'Arrogant_Bastard_Ale', 'rosé_Champagne', 'vodka_cranberry', 'scotch', 'Dom_Pérignon', 'Clamato_juice', 'wine_spritzer', 'Pierre_Ferrand', 'Ketel_One_vodka', 'Tuaca', 'rosé_wine', 'absinthe', 'Dom_Pérignon_champagne', 'vanilla_vodka', 'snifter', 'flavored_liqueur', 'single_malt_scotch', 'Swigging', 'blackcurrant_juice', 'corked_bottle', 'blended_scotch', 'Belgian_ale', 'scotch_whiskey', 'Moet_champagne', 'homemade_limoncello', 'champagne', 'single_malt_Scotch', 'manhattans', 'Jamaican_rum', 'penne_la', 'schnapps', '###ml_glasses', 'chilled_rosé', 'liqueurs', 'cranberry_vodka', 'Perrier_Jouet_champagne', 'Grange_Hermitage', 'Glenlivet_Scotch', 'armagnac', 'peach_puree', 'Roederer_Cristal', 'Stoli_vodka', 'liquer']","['wine', 'bottle', 'vodka', 'cocktail']","['wine', 'bottle', 'vodka', 'cocktail']"
16,7,"['contribution', 'contributions', 'donation', 'donations', 'generous_donation', 'Contributions', 'donating', 'Contribution', 'dona_tions', 'donated', 'donate', 'ONLY_Newspaper', 'Donation', 'charitable_donations', 'charitable_contributions', 'contribute', 'allows_Catholic.net', 'contribu_tions', 'donator', 'contri_butions', 'contribu_tion', 'Donations', 'contributors', 'donators', 'generosity', 'inkind', 'Gannochy_Trust', 'contributor', 'contibution', 'bequest', 'magnanimous_gesture', 'benefactor', 'contibutions', 'Matching_Gifts_Program', 'Leadership_Givers', 'donors', 'gift', 'contri_bution', 'Donating', 'RESP_contributions', 'endow_scholarship', 'commitment', 'ONLY_ONLINE', 'donates', 'donor', 'gratefully_appreciated', 'tax_deductable', 'Matching_Gifts', 'Matching_Gift_Program', 'achievements', 'contributing', 'Monetary_donations', 'recogntion', 'Evening_Standard_Dispossessed', 'Masonic_Charities', 'visiting_http://www.redcross.org/', 'Freewill_offerings', 'Donate', 'gesture', 'chartable', 'participation', 'Make_Wish_foundation', 'generous_bequest', 'Disaster_Relief_Appeal', 'sum', 'donate_generously', 'philanthropy', 'generousity', 'deductible_donation', 'Tsunami_Relief_Fund', 'Membership_dues', 'beneficiary', 'nonmonetary_donations', 'tax_deductible', 'Ameristar_Cares', 'Ladyzhenskiy_headed', 'benefactions', 'Polio_Plus', 'charitable', 'greatly_appreciated', 'OTHER_PROVISIONS_Creates', 'Oishei_Foundation', 'givings', 'crediting_misspellings', '#-###_HELP_NOW', 'SUNshine_Fund', 'Herb_Alpert_Foundation', 'e_mail_dan.hendricks_@', 'Operation_Enfant_Soleil', 'Freewill_donations', 'Victorian_Bushfire_Appeal', 'Tsunami_Disaster_Relief', 'achievement', 'Endowment_Fund', 'Haiti_Earthquake_Relief', 'benefactors', 'JC_Penney_Afterschool', 'generously_donating', 'unitemized_contributions', 'difference']","['contribution', 'donation']","['contribution', 'donation']"
17,4,"['reservation', 'Reservation', 'reservations', 'HORSEBACK_RIDING_Weekends', 'call_###-WYNDHAM', 'Kiowa_Comanche_Apache', 'Slade_Spoonhunter', 'Lukachukai', 'Pine_Ridge_Rosebud', 'visit_www.wyndham.com', 'Other_Backward_Classes_OBCs', 'Complimentary_childcare', '##US_Click', 'www.recreation.gov', 'demographer_Richard_Rathge', 'Other_Backward_Classes_OBC', 'www.wyndham.com', 'Kaatiala', 'Indian_Reservation', 'Recreation.gov', 'SoftBrands_Hospitality_provides', 'Reservations', 'Quileute_Tribe', 'Shanghai_LanBao_specializing', 'Creamy_layer', 'contact_InterCall_Teleconferencing', 'Havasupai_Indian', 'Santee_Sioux', 'visit_www.alaskaair.com', 'email_amyafp@bellsouth.net', 'Lower_Brule_Sioux', 'Fallon_Paiute_Shoshone', 'visit_alaskaair.com', 'Economically_Backward_Classes', 'backward_castes_OBCs', 'booking', 'visit_www.sheraton.com', 'call_#-###-HYATT-HP_###-###-####', 'Flathead_Reservation', 'Scheduled_castes', 'Hualapai_Indian', 'visit_airtran.com', 'dalit_Christians', 'visit_www.birdlandjazz.com', 'rancherias', 'Scheduled_Caste', 'Capitan_Grande', 'Schedule_Castes', 'Creamy_Layer', 'Poarch_Creek_Indian', 'future_suborbital_spacecrafts', 'scheduled_castes_SCs', 'LMS_ResNet', 'RezView', 'Scheduled_Castes', 'St._Croix_Chippewa', 'Kahtan_however', 'REZconnect_Technologies_division', 'OpenTable.com', 'Soboba_Indian', 'CRS_GDS', 'Saint_Regis_Mohawk', 'www.opentable.com', 'tribal', 'Navajo_Acoma', 'OBCs_SCs', 'Goshute_Indian', 'boarding_deplaning_baggage', 'PARSHALL_ND', 'OBC_quotas', 'TTY_TDD_#-###-###-####', 'call_#-###-JETBLUE_#-###-###-####', 'Squaxin_Island', ""Tohono_O'Odham_Nation"", 'Today_Ultitek_Ltd.', 'SCs_STs_OBCs', 'CORREX', 'cross_deputization', 'call_#-###-HOLIDAY', 'Makua_Military', 'Other_Backward_Castes', 'reservationist', 'visit_ata.com', 'SC_STs', 'Chemehuevi_Indian', 'Stay_Aspen_Snowmass', 'visit_www.budget.com', 'scheduled_castes', 'www.alaskaair.com', 'classes_OBCs', 'OBCs', 'Mechoopda', 'Yakama_reservation', 'call_##-###-####_ext', 'information_visit_www.motel6.com', 'Salish_Kootenai', 'SCs_STs', 'Unkechaug_Nation', 'InnLink', 'www.bordersstores.com']",['reservation'],['reservation']
18,11,"['money', 'funds', 'monies', 'dollars', 'cash', 'profits', 'moneys', 'fund', 'vast_sums', 'taxpayer_dollars', 'Huge_sums', 'Money', 'beaucoup_bucks', 'penny', 'Enormous_sums', 'Monies', 'mon_ey', 'moolah', 'coffers', 'themoney', 'money.The', 'funding', 'thousand_dollars', 'bucks', 'tidy_sum', 'taxdollars', 'profit', 'mo_ney', 'dime', 'taxpayer', 'sums', 'pennies', 'dosh', 'winnings', 'goodly_sum', 'windfall', 'Ladyzhenskiy_headed', 'moola', 'single_centavo', 'nontransportation', 'moeny', 'revenue', '$', 'noncharitable', 'payfor', 'multibillions', 'gazillion_dollars', 'dinero', 'unredeemed_deposits', 'CEDIT_funds', 'donations', 'dollers', 'nestegg', 'dol_lars', 'bankroll', 'astronomical_sums', 'colossal_sums', 'Speedo_Cavic', 'millons', 'bottomless_piggy', 'cashola', 'charitable_donations', 'reinvest', 'exist_Ekakoro', 'wages_Ecton', 'nontax_revenue', 'hosting_Spawn_Kill', 'taxpapers', 'laundered_DeGuerin', 'mega_bucks', 'noneducation', 'proceeds', 'Legislature_appropriates', 'cash_strapped', 'timesaving_hint', 'Dorcas_Eppright', 'Padrini_proceeds', 'piggybank', 'undeserved_windfall', 'unvouchered_expense', 'Want_cheapskates', 'tidy_nest_egg', 'unclaimed_winnings', 'Zantrio', 'Legitimate_charities', 'old_Fred_Erstine', 'finance_lavish_lifestyle', 'taxpayers', '4m_£_#.#m', 'ungodly_sums', 'WHO_GETS_WHAT', 'billions', 'megamillions', 'financially_strapped', 'sweepstakes_winnings', 'nonretirement', 'unspent_balances', 'Please_visit_indypendent.org', 'revenues', 'hefty_sum']","['money', 'profit', 'buck']","['money', 'profit', 'buck']"
19,11,"['mistake', 'blunder', 'mistakes', 'error', 'misjudgment', 'gaffe', 'miscalculation', 'miscue', 'errors', 'blunders', 'misstep', 'grievous_error', 'tactical_blunder', 'faux_pas', 'Mistakes', 'baserunning_mistake', 'flub', 'miscalculations', 'mixup', 'lapse', 'boo_boo', 'grammatical_error', 'screwup', 'erros', 'Freudian_slip', 'howler', 'snafu', 'clerical_error', 'typo', 'clanger', 'misplay', 'brain_fart', 'miscommunication', 'flaw', 'bungle', 'brain_cramp', 'momentary_lapse', 'colossal_blunder', 'indiscretion', 'tactical_blunders', 'Errors', 'Mistake', 'missteps', 'bonehead', 'transgression', 'injustice_Namuo', 'cardinal_sin', 'slipup', 'gaffes', 'shortcoming', 'misunderstanding', 'oversights', 'miscues', 'fixed_DeSeve', 'lapses', 'misread', 'slipups', 'verbal_gaffe', 'glitch', 'blundered', 'Babak_Rafati', 'fault', 'misstatement', 'difference', 'omission', 'gamble', 'goof', 'fashion_faux_pas', 'fielding_gaffe', 'Definitely_dissolving', 'sloppiness', 'infraction', 'misreading', 'baserunning_mistakes', 'screw_ups', 'gaff', 'typographical_error', 'misdeed', 'folly', 'blooper', 'goofed', 'foible', 'ammends', 'misplays', 'bonehead_plays', 'problem', 'screwups', 'misjudged', 'boneheaded_mistakes', 'mess', 'flaws', 'General_Abdelfatah_Yunis', 'amends', 'careless', 'Stupid_stupid', 'wrong', 'uncharacteristic_mistakes', 'boneheaded', 'monumental_gaffe', 'mishap']","['blunder', 'mistake', 'error']","['blunder', 'mistake', 'error']"
20,19,"['dessert', 'sandwich', 'soup', 'homemade_potato_chips', 'veggie_chili', 'veggie_pizza', 'crispy_fries', 'salad', 'eggplant_parmesan', 'crab_rangoon', 'chicken_parm', 'cheesecake', 'potato_leek_soup', 'veggie_sandwich', 'french_bread', 'fried_onion_rings', 'pizza', 'chicken_lo_mein', 'fried_bologna_sandwich', 'chicken_tortilla_soup', 'Pulled_pork', 'blackberry_pie', 'nacho_chips', 'Grilled_shrimp', 'shepherds_pie', 'homemade_coleslaw', 'sandwiches', 'vegetable_stir_fry', 'burger', 'homemade_peach_cobbler', 'focaccia_bread', 'pasta_fagioli', 'sliced_baguette', 'Pecan_pie', 'quiche', 'spinach_artichoke_dip', 'homemade_cinnamon_rolls', 'toasted_bagels', 'chicken_potpie', 'cherry_cheesecake', 'fritatta', 'tuna_noodle_casserole', 'salmon_patties', 'peach_pie', 'pepperoni_slices', 'meatball_sandwich', 'dish', 'chili_relleno', 'homemade_pumpkin_pie', 'meatloaf', 'BLT_sandwiches', 'toasted_bagel', 'potato_casserole', 'fettuccini_alfredo', 'steak_tacos', 'fried_tilapia', 'homefries', 'deviled_egg', 'pasta', 'honey_mustard_dressing', 'bleu_cheese_dressing', 'Crab_Rangoon', 'curried_shrimp', 'coconut_custard_pie', 'spinach_lasagna', 'baked_sweet_potato', 'chicken_teriyaki', 'kung_pao_shrimp', 'crab_rangoons', 'hashbrown', 'shrimp_appetizer', 'chicken_enchilada', 'crudites', 'homemade_baked_beans', 'broccoli_casserole', 'strawberry_pie', 'Hash_browns', 'breaded_fried', 'brownie_sundae', 'fried_haddock', 'strawberry_pies', 'fruit_cobbler', 'meal', 'shrimp_alfredo', 'brisket_sandwich', 'drummettes', 'ravioli', 'veal_parmigiana', 'sammich', 'corn_muffin', 'garlic_bread', 'waffle_cone', 'freshly_grated_cheese', 'Rotisserie_chicken', 'Carrot_cake', 'cornbread_muffins', 'pesto_pasta', 'baked_sweet_potatoes', 'crumb_cake', 'pies']","['lunch', 'sandwich', 'food', 'cheeseburger', 'dish']","['pie', 'pesto', 'pizza', 'candy', 'dish', 'dinner', 'cake', 'lunch', 'sandwich', 'bowl', 'chicken', 'omelette', 'cheeseburger', 'food', 'soup', 'potato', 'cupcake']"
21,10,"['debut', 'appearance', 'debuts', 'apperance', 'appearence', 'début', 'appearances', 'cameo_appearance', 'cameo', 'Debut', 'debuting', 'appearnce', 'debuted', 'cameo_appearances', 'debute', 'reappearance', 'apperances', 'outing', 'foray', 'comeback', 'directorial_debut', 'appearences', 'starring', 'opener', 'premiered', 'Appearance', 'splash', 'swansong', 'appearing', 'premiere', 'inauspicious_debut', 'Debuted', 'liberals_recoil', 'stint', 'cameos', 'Premiered', 'swan_song', 'Debuting', 'album_Finally_Woken', 'maiden_voyage', 'eagerly_awaited_reappearance', 'Rihanna_sat_courtside', 'apearances', 'Grapefruit_League_debut', 'starred', 'Presence_Felt', 'album_Rebirth', 'CD_FutureSex_LoveSounds', 'gig', 'Author_Eric_Alterman', 'triumphant', 'wows_crowds', 'finale', 'Jeanswear_collection', 'apearance', 'Appearing', 'FutureSex_LoveShow', 'Salman_Khan_Abhishek_Bachchan', ""album_Quelqu'un_m'a_dit"", 'week_beg##Jan##', 'outdueling_Justin_Masterson', 'comback', 'album_Damita_Jo', 'arrival', 'undisputed_showman', 'inauspicious_start', 'FutureSex_LoveShow_tour', ""album_Trav'lin_Light"", 'album_Indestructible', 'solo_album_FutureSex', 'romantic_comedy_Gigli', 'album_Circuital', 'Opera_Madama_Butterfly', 'finalé', 'album_Ego_Trippin', 'directorial_debut_Whip', 'headlining_gig', 'album_Evil_Urges', 'album_Doll_Domination', 'performace', 'triumphant_homecoming', 'Re_Invention_Tour', 'premièred', 'album_Brass_Knuckles', 'Oral_Fixation_Vol', 'Reba_Duets', 'album_Neon_Bible', 'Anticon_Records', 'seson', 'album_Underage_Thinking', 'performances', 'Whale_Frankenstein', 'Belafonte_Returns', 'pleasing_reappearance', 'Kissin_U', 'album_Backwoods_Barbie', 'racecourse_bow', 'Lingering_wintry_weather', 'album_Love.Angel.Music.Baby', 'Ali_G_Indahouse']","['cameo', 'debut', 'appearance']","['cameo', 'debut', 'appearance']"
22,14,"['joke', 'jokes', 'joking', 'laugh', 'BSing', 'chuckle', 'banter', 'witty_retort', 'drunken_ramblings', 'quip', 'laughing', 'freaking_hilarious', 'wisecrack', 'Oh_gawd', 'goooood_meals_Wells', 'eyeroll', 'Whaddya_mean', 'Huh_huh_huh', 'f_******_g', 'giggle', 'verbal_tic', 'jape', 'kidder', 'Pffft', 'smirk', 'non_sequitor', 'self_depricating', 'sarcastic_quip', 'lame_jokes', 'pshaw', 'ad_**_k', 'fucking_bitch', 'b_tch', 'Ughh', 'autism_whisperer', 'Insert_obligatory', 'smart_aleck_remark', 's___', 'laugh_uproariously', 'Nah_nah_nah', 'Tut_tut', 'douche_bag', 'suck_dick', 'Um_um', 'overcautious_Conner', 'sarcastic', 'knee_slapper', 'Oy_vey', 'snicker', 'motherf_ker', 'yuck_yuck', 'Heh_heh_heh_heh', 'jennajameson_@', 'Nah_nah', 'stupid', 'cuff_banter', 'smutty_jokes', 'Hee_hee', 'How_ya_doin', 'Nahhh', 'ab_*****_d', 'calypso_singer_Nintus', ""Aw_c'mon"", 'funny', 'Tsk_tsk', 'jest', 'funnin', 'idiot', ""Haven'ta_clue"", 'whadda', 'pisser', 'tasteless_joke', 'Ooooo', ""Oh_c'mon"", 'Aw_crap', 'snitch', 'Nahh', 'Hel_lo', 'chit_chat', 'd_*_ck', 'fucking_asshole', 'bs_ing', 'jackass', 'expletive', 'laughed_hysterically', 'moron', 'Boo_hiss', 'cringey', 'mutha_----', 'razzes', 'Whaddaya_mean', 'snide_remark', 'fool', 'Wink_wink', 'rambling_incoherent', 'laughs_hysterically', 'bitch_slut', 'elicit_chuckle', 'f_**_ks', 'brown_noser']","['chatter', 'mischief', 'jab', 'joke', 'fool']","['conversation', 'snitch', 'mischief', 'jab', 'grimace', 'excuse', 'joke', 'convo', 'chatter', 'fool']"
23,2,"['landfall', 'tropical_storm', 'tropical_depression', 'sustained_winds', 'Tropical_Storm', 'tropical_cyclone', 'hurricane', 'moving_northwestward', 'barreled_ashore', 'Tropical_Depression', 'landfalls', 'roars_ashore', 'Mexico_Yucatan_Peninsula', 'Gradual_weakening', 'Saffir_Simpson_scale', 'Hurricane', 'Ike_roared_ashore', 'Tropical_storm', 'southeastern_Bahamas', 'northern_Leeward_Islands', 'Tropical_Storm_Henri', 'moving_west_northwestward', 'reintensify', 'west_northwesterly_direction', 'ashore', 'slammed_ashore', 'Yucatan_Channel', 'west_northwestward', 'Tropical_Storm_Claudette', 'supertyphoon', 'Yucatan_Peninsula', 'Hagupit', 'northwestward', 'Mexico_Yucatan_peninsula', 'tropical_storm_Ophelia', 'Tropical_depression', 'step_Saffir_Simpson', 'Tropical_Storm_Ike', 'Northern_Leeward_Islands', 'Forecasters', 'Lesser_Antilles_islands', 'Mitag', 'Great_Inagua_Island', 'Fanapi', 'north_northwestward', 'Tropical_Storm_Wilma', 'Tropical_Storm_Earl', 'restrengthen', 'Tropical_Storms', 'forecasters', 'Jennifer_Pralgo_meteorologist', 'Tropical_Storm_Ernesto', 'fearsome_Category_4', 'ravaging_Grenada', 'Tropical_Storm_Shary', 'Tropical_Storm_Ana', 'Landfall', 'northernmost_Leeward_Islands', 'Tropical_Storm_Erika', 'Khulna_Barisal_coast', 'Tropical_Storm_Fiona', 'super_typhoon', 'Hurricane_Dennis', 'La_Pesca_Mexico', 'Hurricane_Norbert', 'storm', 'forecaster_Lixion_Avila', 'Basyang', 'rainbands', 'Hurricane_Hernan', 'Tropical_Storm_Edouard', 'tropical_disturbance', 'Hurricane_Henriette', 'Cape_Lookout_NC', 'Gustav_weakens', 'Hurricane_Felicia', 'Hurricane_Bertha', 'MIAMI_Tropical_Storm', 'Los_Cabos_resorts', 'roared_ashore', 'Tropical_Storm_Ignacio', 'subtropical_depression', 'total_rainfall_accumulations', 'Saffir_Simpson_hurricane', 'Hurricane_Paloma', 'Puerto_Cabezas_Nicaragua', 'Joint_Typhoon_Warning', 'forecaster_Jack_Beven', 'costliest_hurricane', 'NASSAU_Bahamas_Tropical_Storm', 'tropical_storms', 'Tropical_Storm_Fay', 'Powerful_Hurricane', 'Tropical_Storm_Arlene', 'Ului', 'sloshed_ashore', 'rainfall_accumulations', 'mph_winds', 'Tropical_Depression_Ana', 'Maximum_sustained_winds']",['landfall'],['landfall']
24,9,"['difference', 'disparity', 'discrepancy', 'gap', 'differences', 'dif_ference', 'impact', 'diference', 'differnce', 'distinction', 'direct_correlation', 'similarity', 'chasm', 'disconnect', 'Difference', 'differance', 'differ_ence', 'mismatch', 'mistake', 'correlation', 'divergence', 'expletive_cyst', 'gaps', 'differential', 'similarities', 'diff_erence', 'disadvantage', 'gulf', 'discrepancies', 'contribution', 'discrepency', 'improvement', 'contradiction', 'disparities', 'distinctions', 'dichotomy', 'disproportion', 'tradeoff', 'divide', 'commonality', 'gulfs', 'EPIX_joint_venture', 'change', 'widening_gap', 'similiarities', 'strides', 'interrelationship', 'illicit_distilling', 'differentiating_factor', 'imapct', 'dissimilarity', 'determinant', 'yawning_gap', 'chasm_separating', 'dissimilarities', 'widening_gulf', 'drawback', 'differentiator', 'linkage', 'variation', 'improvment', 'generational_divide', 'fairly_evenly_matched', 'factor', 'Novo_Nordisk_manufactures', 'unbridgeable_divide', 'inroads', 'headway', 'differentiations', 'distinguish', 'overlap', 'statistically_significant_differences', 'tradeoffs', 'yawning_chasm', 'inroad', 'diffrence', 'parallels', 'advantages', 'Differences', 'momentum_changer', 'statistically_significant_correlation', 'disagreement', 'dent', 'problem', 'tectonic_paradigm_shift', 'mission_Akutsu', 'glaring_discrepancy', 'changes', 'incongruity', 'adjustments', 'precancerous_colon_growths', 'imbalance', 'monumental_chasm', 'motivating_factor', 'impacts', 'yawning_discrepancy', 'incongruence', 'congruence', 'disjunction_between', 'mindshift']","['distinction', 'gap', 'impact', 'difference']","['distinction', 'gap', 'impact', 'difference']"
25,5,"['appointment', 'appointments', 'Appointment', 'appointing', 'reappointment', 'Appointments', 'appoint', 'appoinment', 'appointed', 'resignation', 'appointement', 'apointment', 'appointee', 'departure', 'reappointed', 'reappointments', 'Appointing', 'appoint_ment', 'resignations', 'apppointment', 'reappoint', 'mcwatsa@hotmail.com', 'ap_pointment', 'Appointed', 'appoints', 'announcement', 'Dr_Watsa', 'resigning', 'Bishops_Ma_Yinglin', 'directorship', 'visit_givebloodgivelife.org', 'visit_www.donatebloodnow.org', 'nomination', 'abrupt_departure', 'sacking', 'reappointing', 'appointees', 'ASPEN_DENTAL', 'confirmation', 'eminently_qualified', 'Smokin_Wanjala', 'decision', 'depature', 'www.BeADonor.com', 'Dr_Julius_Rotich', 'resigned', 'visit_www.aspendent.com', 'nominating', 'judicial_appointments', 'renominating', 'Resignation', 'Mayra_Rivera', 'apppointed', 'Justice_retd_Deedar', 'resign', 'renominate', 'dismissal', 'successor', 'abrupt_resignation', 'ascension', 'Arthob_Petersen', '#-###-GIVE-LIFE_#-###-###-####', 'Appoint', 'facial_Botox_injections', 'reshuffle', 'tenure', 'Call_###-GIVE-LIFE', 'ASPEN_DENTAL_###-###-####', 'visit_givelife.org', 'succesor', 'Majadele_parliamentary', 'Jacques_Kerrest', 'boardroom_reshuffle', 'chairmanship', 'Nominating', 'renominated', 'headhunters_Egon_Zehnder', 'Dr_Lepani_Waqatakirewa', 'fill_vacancy', 'renominates', 'Beckloff_exchanged_pleasantries', 'Wednesdays_9a_5o', 'visit_www.redcrosslife.org', '###-GIVE-LIFE', 'reappoints', 'nominate', 'ECK_commissioners', 'Dr_Rotich', 'Gunnar_Oquist', 'visit_www.givebloodgivelife.org', 'Judicial_Appointments', 'Kathy_Schatzan', 'candidature', 'orderly_handover', 'ouster', 'visit_www.lifelinescreening.com', 'Ms_Fatuma_Sichale', 'call_#-###-GIVE-LIFE_#-###-###-####', 'Manu_Korovulavula', 'Mark_Recktenwald']",['appointment'],['appointment']
26,7,"['progress', 'strides', 'progess', 'improvement', 'pro_gress', 'headway', 'improvements', 'progressing', 'recovery', 'improvment', 'progression', 'Progress', 'turnaround', 'prog_ress', 'success', 'gas_leak_Gailius', 'successes', 'progressing_nicely', 'breakthroughs', 'achievement', 'inroads', 'contribution', 'advancement', 'improving', 'advances', 'BERLIN_GV6_FRANKFURT_GV6', 'Tomochika_Kitaoka_senior', 'achievements', 'advancements', 'growth', 'gains', 'breakthrough', 'Foltz_CDC_epidemiologist', 'conciliatory_noises', 'robber_politeness', 'stabilization', 'Diamyd_r_vaccine', 'upturn', 'deterioration', 'Saugeye_fishing', 'progressed', 'stroke_humorist_Keillor', 'RMB_internationalization', 'whatsoever_Felos', 'surgeon_Lemole', 'resiliance', 'recovery_Follain', 'progressing_satisfactorily', 'efforts', 'changes', 'Adequate_yearly', 'transformation', 'seedings_Davydenko', 'George_Quesnelle', 'im_provement', 'Juan_Carlos_Isaza', 'Regrettably_Eden_Gardens', 'MDG5', 'commitment', 'accomplishment', 'KENZO_OSHIMA_Japan', 'Improvements', 'mission_Akutsu', 'SGS_Laboratories_Certification', 'improvments', 'Montreal_Pierre_Gauthier', 'deterioriation', 'Shelters_emptied', 'Sling_Media_EchoStar', 'maturation', 'commercially_exploitable_mineralization', 'developments', 'sequential_improvement', 'recent_closings_Spillett', 'stimulating_unfertilized_eggs', 'difference', 'another_miscalculation_Eager', 'PRESEPT_study', 'Remarkably_Rep._Gabrielle', 'concerted_effort', 'setbacks', 'achieving_gender_equality', 'unremitting_efforts', 'upswing', 'Zimbabwe_Margaret_Mukahanana', 'regressing', 'MDG_targets', 'recoveries', 'upward_curve', 'progessing', 'yuan_convertibility', 'accomplishments', 'LE_MINH_Viet_Nam', 'milestones', 'achieved', 'turnround', 'economicgrowth', 'nearly_impassable_unpaved', 'achieving', 'astonishing_Siemionow']","['recovery', 'improvement', 'progress']","['recovery', 'improvement', 'progress']"
27,11,"['statement', 'statment', 'remarks', 'press_release', 'letter', 'e_mailed_statement', 'speech', 'astatement', 'strongly_worded_statement', 'announcement', 'communique', 'statements', 'memo', 'communiqué', 'satement', 'declaration', 'harshly_worded_statement', 'telephone_interview', 'strongly_worded_letter', 'tersely_worded_statement', 'missive', 'introductory_remarks', 'staement', 'report', 'spokesman', 'transcript', 'memorandum', 'aletter', 'document', 'Statement', 'communiqui', 'proclamation', 'remark', 'interview', 'annoucement', 'strongly_worded', 'rebuttal', 'spokesperson', 'Dwight_LeFever', 'keynote_speech', 'pronouncement', 'nationally_televised_speech', 'strongly_worded_rebuke', 'terse', 'congratulatory_message', 'acceptance_speech', 'without_elaborating', 'carefully_worded', 'Tom_Le_Veque', 'fresh_iPlayboy_offerings', 'spokesman_Huang_Xueping', 'briefing', 'spokeswoman_Annett_Wolf', 'affidavit', 'filing', 'sincerely_regretted', 'aninterview', 'spokeman', 'eulogy', 'Ghalamnews', 'apology', 'spokesman_Alan_Nierob', 'communiqu', 'publicist_Marleah_Leslie', 'strongly_worded_rebuttal', 'bulletin', 'awkwardly_worded', 'tersely_worded', 'spokeswoman_Jessica_Towhey', 'ruling', 'hysterical_diatribe', 'spokesman_Hugo_Erikssen', 'pre_buttal', 'joint_communiqué', 'Moynahan_publicist_Christina_Papadapoulos', 'lengthy_dissents', 'saidon', 'joint_communique', 'sternly_worded_letter', 'spokeswoman_Gail_Gitcho', 'Terry_Nutall', 'saidin', 'spoksman', 'ministry_website_www.mfa.gov.cn', 'Greshk_districts', 'reiterating', 'spokesman_Jon_Diat', 'spokeswoman', 'keynote_address', 'secretary_Carlos_Valenciaga', 'publicist_Mahogany_Jones', 'through_GroupWeb_EmailWire.com', 'Judge_Thaung_Nyunt', 'sue_Ingenix', 'cousin_Nadar', 'withdrawal_Genson_insinuated', 'Prof._Ahmed_Alkali', 'categorical_denial', 'Decerega_issued', 'saidin_statement']","['statement', 'speech', 'filing']","['statement', 'speech', 'filing']"
28,6,"['adaptation', 'adaption', 'film', 'adapation', 'adaptations', 'adapatation', 'screenplay', 'cinematic_adaptation', 'movie', 'screenplay_adaptation', 'Spike_Jonze_directed', 'sequel', 'bigscreen_adaptation', 'Sara_Gruen_novel', 'sci_fi_actioner', 'Michael_Petroni', 'Time_Traveller_Wife', 'starring_Cate_Blanchett', 'films', 'trilogy', 'Brit_helmer', 'Lasse_Halstrom', 'Mikael_Salomon', 'helmer', 'Chancellor_Manuscript', 'Menno_Meyjes', 'script', 'starring_Jeremy_Irons', 'directorial_outing', 'Audrey_Niffenegger_novel', 'Larry_Karaszewski', 'Roger_Allers', 'remake', 'JM_Barrie_Neverland', 'William_Shakespeare_Othello', 'Beeban_Kidron', 'stageplay', 'bestselling_novel', 'starring_Charlize_Theron', 'Steve_Zaillian', 'Marc_Forster_Monster_Ball', 'romantic_comedy', 'helmed_pic', 'Henrik_Ibsen_Ghosts', 'Charlotte_Brontë_classic', 'Mira_Nair_Vanity_Fair', 'Steven_Fechter', 'biopic', 'Elmore_Leonard_novel', 'Pawn_Sacrifice', 'Julian_Jarrold', 'Dying_Gaul', 'WORLD_WAR_Z', 'TokyoPop_comic_book', 'Tintin_trilogy', 'Somerset_Maugham_novel', 'Roman_Polanski_Oliver_Twist', 'futuristic_thriller', 'Christopher_Sergel', 'sci-fi/horror', 'LifeHouse_Theater_musical', 'Americanized_remake', 'Chandrakant_Kulkarni', 'slasher_pic', 'Ibsen_Peer_Gynt', 'novel', 'screenwriter', 'Pusher_trilogy', 'Lucinda_Coxon', 'starring_Albert_Finney', 're_imagining', 'directorial_debut', 'bigscreen', 'Chuck_Palahniuk_novel', 'Nikolaj_Arcel', 'suspenser', 'apocalyptic_sci_fi', 'teleplay', 'Philip_Noyce', 'starrer', 'Nadunisi', 'prequel', 'noir_thriller', 'Moth_Diaries', 'Dear_Frankie', 'Ibsen_Ghosts', 'triology', 'Battle_Angel_Alita', 'Rufus_Norris', 'starring_Amitabh_Bachchan', 'Duplass_Brothers', 'Martin_Scorsese_Hugo_Cabret', 'Fletch_Won', 'graphic_novel_Watchmen', 'Jaume_Collet_Serra', 'Wolfgang_Petersen_Troy', 'David_Loucka', 'musicalization', 'Philippa_Gregory_novel', 'sci_fier']","['adaptation', 'film']","['adaptation', 'film']"
29,11,"['deal', 'agreement', 'deals', 'offer', 'arrangement', 'negotiated', 'pact', 'contract', 'agreements', 'negotiation', 'negotiations', 'negotiating', 'accord', 'agrement', 'counteroffer', 'buyout', 'negotiate', 'agreeement', 'tentative_agreement', 'package', 'transaction', 'renegotiated', 'renegotiation', 'pacts', 'negotations', 'negotiatons', 'brokered', 'aquisition', 'sale', 'non_exclusi', 'renegotiate', 'adeal', 'purchase', 'bargain', 'MOU_memorandum', 'Etisalat_Zain', 'swap', 'merger', 'deal.The', 'counterproposal', 'talks', '##.#B_buyout', 'acquire', 'takeover', 'arbitrated_settlement', 'agreemnt', 'anagreement', 'acquisition', 'proposal', 'compromise', 'megadeal', 'transfer', 'wage_reopener', 'Abertis_Citi', 'Organon_BioSciences_BV', 'counteroffers', 'RCom_MTN', 'renegotiating', 'Broad_Burkle', 'acquisiton', 'aggreement', 'ratifiable_agreement', 'multiyear_contract', ""Harrah's_Caesars_merger"", 'settlement', 'extension', 'partnership', 'agreeing', 'democratically_elected_Raul_Alfonsin', 'US2bn', 'Unsuccessful_bidders', 'Inco_Falconbridge_combination', 'German_drugmaker_Ratiopharm', 'sweetened', 'sell', 'bargaining', 'Timbercorp_forestry_assets', 'heavily_backloaded', 'renegotiates', 'negations', 'renegotiations', 'acquistion', 'MOU', ""Harrah's_Caesars"", 'conract', 'negotions', 'infusion_Lasorda', 'ZCI_Offer', 'MCI_shareowners', 'concessions', 'Rudolf_Jaenisch_prominent', 'Bharti_Zain', 'RBoS_consortium', 'discussions', 'agent_outfielder_Jeromy', 'brother_Roberto_Assis', 'leaseback_arrangement', 'extenstion', 'contracts', 'InBev_Anheuser']","['sale', 'package', 'transfer', 'deal', 'negotiation']","['negotiation', 'deal', 'offer', 'sale', 'arrangement', 'package', 'transfer']"
